Duration,Date,Pulse,Maxpulse,Calories,Calories_per_min,Weekday,Intensity
60,2020-12-01,110,130,409.1,6.82,Tuesday,Normal
60,2020-12-02,117,145,479.0,7.98,Wednesday,High
60,2020-12-03,103,135,340.0,5.67,Thursday,High
45,2020-12-04,109,175,282.4,6.28,Friday,High
45,2020-12-05,117,148,406.0,9.02,Saturday,High
60,2020-12-06,102,127,300.0,5.0,Sunday,Normal
60,2020-12-07,110,136,374.0,6.23,Monday,High
30,2020-12-09,109,133,195.1,6.5,Wednesday,Normal
60,2020-12-10,98,124,269.0,4.48,Thursday,Normal
60,2020-12-11,103,147,329.3,5.49,Friday,High
60,2020-12-12,100,120,250.7,4.18,Saturday,Normal
60,2020-12-13,106,128,345.3,5.76,Sunday,Normal
60,2020-12-14,104,132,379.3,6.32,Monday,Normal
60,2020-12-15,98,123,275.0,4.58,Tuesday,Normal
60,2020-12-16,98,120,215.2,3.59,Wednesday,Normal
60,2020-12-17,100,120,300.0,5.0,Thursday,Normal
45,2020-12-18,90,112,307.4178571428571,6.83,Friday,Normal
60,2020-12-19,103,123,323.0,5.38,Saturday,Normal
45,2020-12-20,97,125,243.0,5.4,Sunday,Normal
60,2020-12-21,108,131,364.2,6.07,Monday,Normal
45,2020-12-24,105,132,246.0,5.47,Thursday,Normal
60,2020-12-25,102,126,334.5,5.58,Friday,Normal
60,2020-12-26,100,120,250.0,4.17,Saturday,Normal
60,2020-12-27,92,118,241.0,4.02,Sunday,Normal
60,2020-12-28,103,132,307.4178571428571,5.12,Monday,Normal
60,2020-12-29,100,132,280.0,4.67,Tuesday,Normal
60,2020-12-30,102,129,380.3,6.34,Wednesday,Normal
60,2020-12-31,92,115,243.0,4.05,Thursday,Normal
